class_idx,orbit,arf,signs_84
0,0,1,1 1 1 1 1 1 1 -1 1 1 1 1 1 1 -1 1 1 1 1 1 1 1 1 1 1 -1 -1 1 1 1 -1 -1 -1 1 1 1 -1 -1 1 1 1 1 1 1 -1 1 1 1 1 1 1 1 -1 1 1 1 1 1 -1 1 1 1 1 1 1 1 1 1 1 1 1 1 -1 1 1 1 1 1 -1 1 1 1 -1 1
1,1,0,1 1 1 1 1 1 1 -1 1 1 1 1 1 1 1 1 1 1 1 1 -1 1 1 1 1 -1 -1 1 1 -1 -1 -1 1 1 1 1 -1 -1 1 1 1 1 1 1 -1 1 1 1 1 1 1 1 -1 1 1 -1 1 1 -1 1 1 1 1 1 1 1 1 1 1 1 1 1 -1 -1 1 1 1 1 -1 1 1 1 -1 1
2,1,0,1 1 1 1 1 1 1 -1 1 1 1 1 1 1 1 1 1 1 1 1 -1 1 1 1 1 1 -1 1 1 1 -1 -1 1 1 -1 1 1 -1 1 1 1 1 1 1 -1 1 1 1 1 1 1 1 -1 1 1 -1 1 1 -1 1 1 1 1 1 1 1 1 1 1 1 1 -1 -1 1 1 1 1 1 -1 1 1 1 -1 1
3,1,0,1 1 1 1 1 1 1 -1 1 1 1 1 1 1 -1 1 1 1 1 1 1 1 1 1 1 1 -1 1 1 -1 -1 -1 -1 1 -1 1 1 -1 1 1 1 1 1 1 -1 1 1 1 1 1 1 1 -1 1 1 1 1 1 -1 1 1 1 1 1 1 1 1 1 1 1 1 -1 -1 -1 1 1 1 1 -1 1 1 1 -1 1
4,2,0,1 1 1 1 1 1 1 -1 1 1 1 1 1 1 1 1 1 -1 1 -1 1 1 1 1 1 -1 -1 1 1 1 -1 -1 1 1 -1 1 -1 -1 1 1 1 1 1 1 -1 1 1 1 1 1 1 1 -1 1 1 -1 1 1 -1 1 1 1 1 1 1 1 1 -1 1 1 1 1 -1 1 1 1 1 1 -1 1 1 1 -1 1
5,1,0,1 1 1 1 1 1 1 -1 1 1 1 1 1 1 -1 1 1 -1 1 -1 -1 1 1 1 1 -1 -1 1 1 -1 -1 -1 -1 1 -1 1 -1 -1 1 1 1 1 1 1 -1 1 1 1 1 1 1 1 -1 1 1 1 1 1 -1 1 1 1 1 1 1 1 1 -1 1 1 1 1 -1 -1 1 1 1 1 -1 1 1 1 -1 1
6,3,0,1 1 1 1 1 1 1 -1 1 1 1 1 1 1 -1 1 1 -1 1 -1 -1 1 1 1 1 1 -1 1 1 1 -1 -1 -1 1 1 1 1 -1 1 1 1 1 1 1 -1 1 1 1 1 1 1 1 -1 1 1 1 1 1 -1 1 1 1 1 1 1 1 1 -1 1 1 1 -1 -1 1 1 1 1 1 -1 1 1 1 -1 1
7,0,1,1 1 1 1 1 1 1 -1 1 1 1 1 1 1 1 1 1 -1 1 -1 1 1 1 1 1 1 -1 1 1 -1 -1 -1 1 1 1 1 1 -1 1 1 1 1 1 1 -1 1 1 1 1 1 1 1 -1 1 1 -1 1 1 -1 1 1 1 1 1 1 1 1 -1 1 1 1 -1 -1 -1 1 1 1 1 -1 1 1 1 -1 1
8,3,0,1 1 1 1 1 1 1 -1 1 1 1 1 1 1 1 1 1 -1 1 1 1 1 1 1 1 -1 -1 1 1 -1 -1 -1 1 1 1 1 -1 -1 1 1 1 1 1 1 -1 1 1 1 1 1 1 1 -1 1 1 -1 1 1 -1 1 1 1 1 1 1 -1 1 1 1 1 1 1 -1 1 1 1 1 1 -1 1 1 1 -1 1
9,0,1,1 1 1 1 1 1 1 -1 1 1 1 1 1 1 -1 1 1 -1 1 1 -1 1 1 1 1 -1 -1 1 1 1 -1 -1 -1 1 1 1 -1 -1 1 1 1 1 1 1 -1 1 1 1 1 1 1 1 -1 1 1 1 1 1 -1 1 1 1 1 1 1 -1 1 1 1 1 1 1 -1 -1 1 1 1 1 -1 1 1 1 -1 1
10,0,1,1 1 1 1 1 1 1 -1 1 1 1 1 1 1 -1 1 1 -1 1 1 -1 1 1 1 1 1 -1 1 1 -1 -1 -1 -1 1 -1 1 1 -1 1 1 1 1 1 1 -1 1 1 1 1 1 1 1 -1 1 1 1 1 1 -1 1 1 1 1 1 1 -1 1 1 1 1 1 -1 -1 1 1 1 1 1 -1 1 1 1 -1 1
11,0,1,1 1 1 1 1 1 1 -1 1 1 1 1 1 1 1 1 1 -1 1 1 1 1 1 1 1 1 -1 1 1 1 -1 -1 1 1 -1 1 1 -1 1 1 1 1 1 1 -1 1 1 1 1 1 1 1 -1 1 1 -1 1 1 -1 1 1 1 1 1 1 -1 1 1 1 1 1 -1 -1 -1 1 1 1 1 -1 1 1 1 -1 1
12,0,1,1 1 1 1 1 1 1 -1 1 1 1 1 1 1 -1 1 1 1 1 -1 1 1 1 1 1 -1 -1 1 1 -1 -1 -1 -1 1 -1 1 -1 -1 1 1 1 1 1 1 -1 1 1 1 1 1 1 1 -1 1 1 1 1 1 -1 1 1 1 1 1 1 -1 1 -1 1 1 1 1 -1 1 1 1 1 1 -1 1 1 1 -1 1
13,0,1,1 1 1 1 1 1 1 -1 1 1 1 1 1 1 1 1 1 1 1 -1 -1 1 1 1 1 -1 -1 1 1 1 -1 -1 1 1 -1 1 -1 -1 1 1 1 1 1 1 -1 1 1 1 1 1 1 1 -1 1 1 -1 1 1 -1 1 1 1 1 1 1 -1 1 -1 1 1 1 1 -1 -1 1 1 1 1 -1 1 1 1 -1 1
14,0,1,1 1 1 1 1 1 1 -1 1 1 1 1 1 1 1 1 1 1 1 -1 -1 1 1 1 1 1 -1 1 1 -1 -1 -1 1 1 1 1 1 -1 1 1 1 1 1 1 -1 1 1 1 1 1 1 1 -1 1 1 -1 1 1 -1 1 1 1 1 1 1 -1 1 -1 1 1 1 -1 -1 1 1 1 1 1 -1 1 1 1 -1 1
15,2,0,1 1 1 1 1 1 1 -1 1 1 1 1 1 1 -1 1 1 1 1 -1 1 1 1 1 1 1 -1 1 1 1 -1 -1 -1 1 1 1 1 -1 1 1 1 1 1 1 -1 1 1 1 1 1 1 1 -1 1 1 1 1 1 -1 1 1 1 1 1 1 -1 1 -1 1 1 1 -1 -1 -1 1 1 1 1 -1 1 1 1 -1 1
16,1,0,1 1 1 1 1 1 1 -1 1 1 1 1 1 1 1 -1 1 1 1 1 1 1 1 1 1 -1 1 1 1 -1 1 -1 1 1 1 1 -1 -1 1 1 1 1 1 1 -1 1 1 1 1 1 1 1 -1 1 1 -1 1 1 -1 1 1 -1 1 1 1 1 1 1 1 1 1 1 -1 1 1 1 1 1 -1 1 1 1 -1 1
17,1,0,1 1 1 1 1 1 1 -1 1 1 1 1 1 1 -1 -1 1 1 1 1 -1 1 1 1 1 -1 1 1 1 1 1 -1 -1 1 1 1 -1 -1 1 1 1 1 1 1 -1 1 1 1 1 1 1 1 -1 1 1 1 1 1 -1 1 1 -1 1 1 1 1 1 1 1 1 1 1 -1 -1 1 1 1 1 -1 1 1 1 -1 1
18,0,1,1 1 1 1 1 1 1 -1 1 1 1 1 1 1 -1 -1 1 1 1 1 -1 1 1 1 1 1 1 1 1 -1 1 -1 -1 1 -1 1 1 -1 1 1 1 1 1 1 -1 1 1 1 1 1 1 1 -1 1 1 1 1 1 -1 1 1 -1 1 1 1 1 1 1 1 1 1 -1 -1 1 1 1 1 1 -1 1 1 1 -1 1
19,2,0,1 1 1 1 1 1 1 -1 1 1 1 1 1 1 1 -1 1 1 1 1 1 1 1 1 1 1 1 1 1 1 1 -1 1 1 -1 1 1 -1 1 1 1 1 1 1 -1 1 1 1 1 1 1 1 -1 1 1 -1 1 1 -1 1 1 -1 1 1 1 1 1 1 1 1 1 -1 -1 -1 1 1 1 1 -1 1 1 1 -1 1
20,0,1,1 1 1 1 1 1 1 -1 1 1 1 1 1 1 -1 -1 1 -1 1 -1 1 1 1 1 1 -1 1 1 1 -1 1 -1 -1 1 -1 1 -1 -1 1 1 1 1 1 1 -1 1 1 1 1 1 1 1 -1 1 1 1 1 1 -1 1 1 -1 1 1 1 1 1 -1 1 1 1 1 -1 1 1 1 1 1 -1 1 1 1 -1 1
21,3,0,1 1 1 1 1 1 1 -1 1 1 1 1 1 1 1 -1 1 -1 1 -1 -1 1 1 1 1 -1 1 1 1 1 1 -1 1 1 -1 1 -1 -1 1 1 1 1 1 1 -1 1 1 1 1 1 1 1 -1 1 1 -1 1 1 -1 1 1 -1 1 1 1 1 1 -1 1 1 1 1 -1 -1 1 1 1 1 -1 1 1 1 -1 1
22,0,1,1 1 1 1 1 1 1 -1 1 1 1 1 1 1 1 -1 1 -1 1 -1 -1 1 1 1 1 1 1 1 1 -1 1 -1 1 1 1 1 1 -1 1 1 1 1 1 1 -1 1 1 1 1 1 1 1 -1 1 1 -1 1 1 -1 1 1 -1 1 1 1 1 1 -1 1 1 1 -1 -1 1 1 1 1 1 -1 1 1 1 -1 1
23,0,1,1 1 1 1 1 1 1 -1 1 1 1 1 1 1 -1 -1 1 -1 1 -1 1 1 1 1 1 1 1 1 1 1 1 -1 -1 1 1 1 1 -1 1 1 1 1 1 1 -1 1 1 1 1 1 1 1 -1 1 1 1 1 1 -1 1 1 -1 1 1 1 1 1 -1 1 1 1 -1 -1 -1 1 1 1 1 -1 1 1 1 -1 1
24,2,0,1 1 1 1 1 1 1 -1 1 1 1 1 1 1 -1 -1 1 -1 1 1 1 1 1 1 1 -1 1 1 1 1 1 -1 -1 1 1 1 -1 -1 1 1 1 1 1 1 -1 1 1 1 1 1 1 1 -1 1 1 1 1 1 -1 1 1 -1 1 1 1 -1 1 1 1 1 1 1 -1 1 1 1 1 1 -1 1 1 1 -1 1
25,1,0,1 1 1 1 1 1 1 -1 1 1 1 1 1 1 1 -1 1 -1 1 1 -1 1 1 1 1 -1 1 1 1 -1 1 -1 1 1 1 1 -1 -1 1 1 1 1 1 1 -1 1 1 1 1 1 1 1 -1 1 1 -1 1 1 -1 1 1 -1 1 1 1 -1 1 1 1 1 1 1 -1 -1 1 1 1 1 -1 1 1 1 -1 1
26,0,1,1 1 1 1 1 1 1 -1 1 1 1 1 1 1 1 -1 1 -1 1 1 -1 1 1 1 1 1 1 1 1 1 1 -1 1 1 -1 1 1 -1 1 1 1 1 1 1 -1 1 1 1 1 1 1 1 -1 1 1 -1 1 1 -1 1 1 -1 1 1 1 -1 1 1 1 1 1 -1 -1 1 1 1 1 1 -1 1 1 1 -1 1
27,3,0,1 1 1 1 1 1 1 -1 1 1 1 1 1 1 -1 -1 1 -1 1 1 1 1 1 1 1 1 1 1 1 -1 1 -1 -1 1 -1 1 1 -1 1 1 1 1 1 1 -1 1 1 1 1 1 1 1 -1 1 1 1 1 1 -1 1 1 -1 1 1 1 -1 1 1 1 1 1 -1 -1 -1 1 1 1 1 -1 1 1 1 -1 1
28,0,1,1 1 1 1 1 1 1 -1 1 1 1 1 1 1 1 -1 1 1 1 -1 1 1 1 1 1 -1 1 1 1 1 1 -1 1 1 -1 1 -1 -1 1 1 1 1 1 1 -1 1 1 1 1 1 1 1 -1 1 1 -1 1 1 -1 1 1 -1 1 1 1 -1 1 -1 1 1 1 1 -1 1 1 1 1 1 -1 1 1 1 -1 1
29,1,0,1 1 1 1 1 1 1 -1 1 1 1 1 1 1 -1 -1 1 1 1 -1 -1 1 1 1 1 -1 1 1 1 -1 1 -1 -1 1 -1 1 -1 -1 1 1 1 1 1 1 -1 1 1 1 1 1 1 1 -1 1 1 1 1 1 -1 1 1 -1 1 1 1 -1 1 -1 1 1 1 1 -1 -1 1 1 1 1 -1 1 1 1 -1 1
30,0,1,1 1 1 1 1 1 1 -1 1 1 1 1 1 1 -1 -1 1 1 1 -1 -1 1 1 1 1 1 1 1 1 1 1 -1 -1 1 1 1 1 -1 1 1 1 1 1 1 -1 1 1 1 1 1 1 1 -1 1 1 1 1 1 -1 1 1 -1 1 1 1 -1 1 -1 1 1 1 -1 -1 1 1 1 1 1 -1 1 1 1 -1 1
31,0,1,1 1 1 1 1 1 1 -1 1 1 1 1 1 1 1 -1 1 1 1 -1 1 1 1 1 1 1 1 1 1 -1 1 -1 1 1 1 1 1 -1 1 1 1 1 1 1 -1 1 1 1 1 1 1 1 -1 1 1 -1 1 1 -1 1 1 -1 1 1 1 -1 1 -1 1 1 1 -1 -1 -1 1 1 1 1 -1 1 1 1 -1 1
32,1,0,1 1 1 1 1 1 1 -1 1 1 1 1 1 1 1 -1 1 1 1 1 1 1 1 1 1 -1 -1 1 1 1 -1 -1 1 1 -1 1 -1 -1 1 1 1 1 1 1 -1 1 1 1 1 1 1 1 -1 1 1 -1 1 1 -1 -1 1 1 1 1 1 1 1 1 1 1 1 1 -1 1 1 1 1 1 -1 1 1 1 -1 1
33,4,0,1 1 1 1 1 1 1 -1 1 1 1 1 1 1 -1 -1 1 1 1 1 -1 1 1 1 1 -1 -1 1 1 -1 -1 -1 -1 1 -1 1 -1 -1 1 1 1 1 1 1 -1 1 1 1 1 1 1 1 -1 1 1 1 1 1 -1 -1 1 1 1 1 1 1 1 1 1 1 1 1 -1 -1 1 1 1 1 -1 1 1 1 -1 1
34,1,0,1 1 1 1 1 1 1 -1 1 1 1 1 1 1 -1 -1 1 1 1 1 -1 1 1 1 1 1 -1 1 1 1 -1 -1 -1 1 1 1 1 -1 1 1 1 1 1 1 -1 1 1 1 1 1 1 1 -1 1 1 1 1 1 -1 -1 1 1 1 1 1 1 1 1 1 1 1 -1 -1 1 1 1 1 1 -1 1 1 1 -1 1
35,0,1,1 1 1 1 1 1 1 -1 1 1 1 1 1 1 1 -1 1 1 1 1 1 1 1 1 1 1 -1 1 1 -1 -1 -1 1 1 1 1 1 -1 1 1 1 1 1 1 -1 1 1 1 1 1 1 1 -1 1 1 -1 1 1 -1 -1 1 1 1 1 1 1 1 1 1 1 1 -1 -1 -1 1 1 1 1 -1 1 1 1 -1 1
36,0,1,1 1 1 1 1 1 1 -1 1 1 1 1 1 1 -1 -1 1 -1 1 -1 1 1 1 1 1 -1 -1 1 1 1 -1 -1 -1 1 1 1 -1 -1 1 1 1 1 1 1 -1 1 1 1 1 1 1 1 -1 1 1 1 1 1 -1 -1 1 1 1 1 1 1 1 -1 1 1 1 1 -1 1 1 1 1 1 -1 1 1 1 -1 1
37,1,0,1 1 1 1 1 1 1 -1 1 1 1 1 1 1 1 -1 1 -1 1 -1 -1 1 1 1 1 -1 -1 1 1 -1 -1 -1 1 1 1 1 -1 -1 1 1 1 1 1 1 -1 1 1 1 1 1 1 1 -1 1 1 -1 1 1 -1 -1 1 1 1 1 1 1 1 -1 1 1 1 1 -1 -1 1 1 1 1 -1 1 1 1 -1 1
38,1,0,1 1 1 1 1 1 1 -1 1 1 1 1 1 1 1 -1 1 -1 1 -1 -1 1 1 1 1 1 -1 1 1 1 -1 -1 1 1 -1 1 1 -1 1 1 1 1 1 1 -1 1 1 1 1 1 1 1 -1 1 1 -1 1 1 -1 -1 1 1 1 1 1 1 1 -1 1 1 1 -1 -1 1 1 1 1 1 -1 1 1 1 -1 1
39,1,0,1 1 1 1 1 1 1 -1 1 1 1 1 1 1 -1 -1 1 -1 1 -1 1 1 1 1 1 1 -1 1 1 -1 -1 -1 -1 1 -1 1 1 -1 1 1 1 1 1 1 -1 1 1 1 1 1 1 1 -1 1 1 1 1 1 -1 -1 1 1 1 1 1 1 1 -1 1 1 1 -1 -1 -1 1 1 1 1 -1 1 1 1 -1 1
40,1,0,1 1 1 1 1 1 1 -1 1 1 1 1 1 1 -1 -1 1 -1 1 1 1 1 1 1 1 -1 -1 1 1 -1 -1 -1 -1 1 -1 1 -1 -1 1 1 1 1 1 1 -1 1 1 1 1 1 1 1 -1 1 1 1 1 1 -1 -1 1 1 1 1 1 -1 1 1 1 1 1 1 -1 1 1 1 1 1 -1 1 1 1 -1 1
41,1,0,1 1 1 1 1 1 1 -1 1 1 1 1 1 1 1 -1 1 -1 1 1 -1 1 1 1 1 -1 -1 1 1 1 -1 -1 1 1 -1 1 -1 -1 1 1 1 1 1 1 -1 1 1 1 1 1 1 1 -1 1 1 -1 1 1 -1 -1 1 1 1 1 1 -1 1 1 1 1 1 1 -1 -1 1 1 1 1 -1 1 1 1 -1 1
42,2,0,1 1 1 1 1 1 1 -1 1 1 1 1 1 1 1 -1 1 -1 1 1 -1 1 1 1 1 1 -1 1 1 -1 -1 -1 1 1 1 1 1 -1 1 1 1 1 1 1 -1 1 1 1 1 1 1 1 -1 1 1 -1 1 1 -1 -1 1 1 1 1 1 -1 1 1 1 1 1 -1 -1 1 1 1 1 1 -1 1 1 1 -1 1
43,0,1,1 1 1 1 1 1 1 -1 1 1 1 1 1 1 -1 -1 1 -1 1 1 1 1 1 1 1 1 -1 1 1 1 -1 -1 -1 1 1 1 1 -1 1 1 1 1 1 1 -1 1 1 1 1 1 1 1 -1 1 1 1 1 1 -1 -1 1 1 1 1 1 -1 1 1 1 1 1 -1 -1 -1 1 1 1 1 -1 1 1 1 -1 1
44,0,1,1 1 1 1 1 1 1 -1 1 1 1 1 1 1 1 -1 1 1 1 -1 1 1 1 1 1 -1 -1 1 1 -1 -1 -1 1 1 1 1 -1 -1 1 1 1 1 1 1 -1 1 1 1 1 1 1 1 -1 1 1 -1 1 1 -1 -1 1 1 1 1 1 -1 1 -1 1 1 1 1 -1 1 1 1 1 1 -1 1 1 1 -1 1
45,1,0,1 1 1 1 1 1 1 -1 1 1 1 1 1 1 -1 -1 1 1 1 -1 -1 1 1 1 1 -1 -1 1 1 1 -1 -1 -1 1 1 1 -1 -1 1 1 1 1 1 1 -1 1 1 1 1 1 1 1 -1 1 1 1 1 1 -1 -1 1 1 1 1 1 -1 1 -1 1 1 1 1 -1 -1 1 1 1 1 -1 1 1 1 -1 1
46,1,0,1 1 1 1 1 1 1 -1 1 1 1 1 1 1 -1 -1 1 1 1 -1 -1 1 1 1 1 1 -1 1 1 -1 -1 -1 -1 1 -1 1 1 -1 1 1 1 1 1 1 -1 1 1 1 1 1 1 1 -1 1 1 1 1 1 -1 -1 1 1 1 1 1 -1 1 -1 1 1 1 -1 -1 1 1 1 1 1 -1 1 1 1 -1 1
47,3,0,1 1 1 1 1 1 1 -1 1 1 1 1 1 1 1 -1 1 1 1 -1 1 1 1 1 1 1 -1 1 1 1 -1 -1 1 1 -1 1 1 -1 1 1 1 1 1 1 -1 1 1 1 1 1 1 1 -1 1 1 -1 1 1 -1 -1 1 1 1 1 1 -1 1 -1 1 1 1 -1 -1 -1 1 1 1 1 -1 1 1 1 -1 1
48,1,0,1 1 1 1 1 1 1 -1 1 1 1 1 1 1 -1 1 1 1 1 1 1 1 1 1 1 -1 1 1 1 -1 1 -1 -1 1 -1 1 -1 -1 1 1 1 1 1 1 -1 1 1 1 1 1 1 1 -1 1 1 1 1 1 -1 -1 1 -1 1 1 1 1 1 1 1 1 1 1 -1 1 1 1 1 1 -1 1 1 1 -1 1
49,0,1,1 1 1 1 1 1 1 -1 1 1 1 1 1 1 1 1 1 1 1 1 -1 1 1 1 1 -1 1 1 1 1 1 -1 1 1 -1 1 -1 -1 1 1 1 1 1 1 -1 1 1 1 1 1 1 1 -1 1 1 -1 1 1 -1 -1 1 -1 1 1 1 1 1 1 1 1 1 1 -1 -1 1 1 1 1 -1 1 1 1 -1 1
50,3,0,1 1 1 1 1 1 1 -1 1 1 1 1 1 1 1 1 1 1 1 1 -1 1 1 1 1 1 1 1 1 -1 1 -1 1 1 1 1 1 -1 1 1 1 1 1 1 -1 1 1 1 1 1 1 1 -1 1 1 -1 1 1 -1 -1 1 -1 1 1 1 1 1 1 1 1 1 -1 -1 1 1 1 1 1 -1 1 1 1 -1 1
51,1,0,1 1 1 1 1 1 1 -1 1 1 1 1 1 1 -1 1 1 1 1 1 1 1 1 1 1 1 1 1 1 1 1 -1 -1 1 1 1 1 -1 1 1 1 1 1 1 -1 1 1 1 1 1 1 1 -1 1 1 1 1 1 -1 -1 1 -1 1 1 1 1 1 1 1 1 1 -1 -1 -1 1 1 1 1 -1 1 1 1 -1 1
52,0,1,1 1 1 1 1 1 1 -1 1 1 1 1 1 1 1 1 1 -1 1 -1 1 1 1 1 1 -1 1 1 1 -1 1 -1 1 1 1 1 -1 -1 1 1 1 1 1 1 -1 1 1 1 1 1 1 1 -1 1 1 -1 1 1 -1 -1 1 -1 1 1 1 1 1 -1 1 1 1 1 -1 1 1 1 1 1 -1 1 1 1 -1 1
53,0,1,1 1 1 1 1 1 1 -1 1 1 1 1 1 1 -1 1 1 -1 1 -1 -1 1 1 1 1 -1 1 1 1 1 1 -1 -1 1 1 1 -1 -1 1 1 1 1 1 1 -1 1 1 1 1 1 1 1 -1 1 1 1 1 1 -1 -1 1 -1 1 1 1 1 1 -1 1 1 1 1 -1 -1 1 1 1 1 -1 1 1 1 -1 1
54,2,0,1 1 1 1 1 1 1 -1 1 1 1 1 1 1 -1 1 1 -1 1 -1 -1 1 1 1 1 1 1 1 1 -1 1 -1 -1 1 -1 1 1 -1 1 1 1 1 1 1 -1 1 1 1 1 1 1 1 -1 1 1 1 1 1 -1 -1 1 -1 1 1 1 1 1 -1 1 1 1 -1 -1 1 1 1 1 1 -1 1 1 1 -1 1
55,0,1,1 1 1 1 1 1 1 -1 1 1 1 1 1 1 1 1 1 -1 1 -1 1 1 1 1 1 1 1 1 1 1 1 -1 1 1 -1 1 1 -1 1 1 1 1 1 1 -1 1 1 1 1 1 1 1 -1 1 1 -1 1 1 -1 -1 1 -1 1 1 1 1 1 -1 1 1 1 -1 -1 -1 1 1 1 1 -1 1 1 1 -1 1
56,0,1,1 1 1 1 1 1 1 -1 1 1 1 1 1 1 1 1 1 -1 1 1 1 1 1 1 1 -1 1 1 1 1 1 -1 1 1 -1 1 -1 -1 1 1 1 1 1 1 -1 1 1 1 1 1 1 1 -1 1 1 -1 1 1 -1 -1 1 -1 1 1 1 -1 1 1 1 1 1 1 -1 1 1 1 1 1 -1 1 1 1 -1 1
57,1,0,1 1 1 1 1 1 1 -1 1 1 1 1 1 1 -1 1 1 -1 1 1 -1 1 1 1 1 -1 1 1 1 -1 1 -1 -1 1 -1 1 -1 -1 1 1 1 1 1 1 -1 1 1 1 1 1 1 1 -1 1 1 1 1 1 -1 -1 1 -1 1 1 1 -1 1 1 1 1 1 1 -1 -1 1 1 1 1 -1 1 1 1 -1 1
58,0,1,1 1 1 1 1 1 1 -1 1 1 1 1 1 1 -1 1 1 -1 1 1 -1 1 1 1 1 1 1 1 1 1 1 -1 -1 1 1 1 1 -1 1 1 1 1 1 1 -1 1 1 1 1 1 1 1 -1 1 1 1 1 1 -1 -1 1 -1 1 1 1 -1 1 1 1 1 1 -1 -1 1 1 1 1 1 -1 1 1 1 -1 1
59,0,1,1 1 1 1 1 1 1 -1 1 1 1 1 1 1 1 1 1 -1 1 1 1 1 1 1 1 1 1 1 1 -1 1 -1 1 1 1 1 1 -1 1 1 1 1 1 1 -1 1 1 1 1 1 1 1 -1 1 1 -1 1 1 -1 -1 1 -1 1 1 1 -1 1 1 1 1 1 -1 -1 -1 1 1 1 1 -1 1 1 1 -1 1
60,3,0,1 1 1 1 1 1 1 -1 1 1 1 1 1 1 -1 1 1 1 1 -1 1 1 1 1 1 -1 1 1 1 1 1 -1 -1 1 1 1 -1 -1 1 1 1 1 1 1 -1 1 1 1 1 1 1 1 -1 1 1 1 1 1 -1 -1 1 -1 1 1 1 -1 1 -1 1 1 1 1 -1 1 1 1 1 1 -1 1 1 1 -1 1
61,2,0,1 1 1 1 1 1 1 -1 1 1 1 1 1 1 1 1 1 1 1 -1 -1 1 1 1 1 -1 1 1 1 -1 1 -1 1 1 1 1 -1 -1 1 1 1 1 1 1 -1 1 1 1 1 1 1 1 -1 1 1 -1 1 1 -1 -1 1 -1 1 1 1 -1 1 -1 1 1 1 1 -1 -1 1 1 1 1 -1 1 1 1 -1 1
62,0,1,1 1 1 1 1 1 1 -1 1 1 1 1 1 1 1 1 1 1 1 -1 -1 1 1 1 1 1 1 1 1 1 1 -1 1 1 -1 1 1 -1 1 1 1 1 1 1 -1 1 1 1 1 1 1 1 -1 1 1 -1 1 1 -1 -1 1 -1 1 1 1 -1 1 -1 1 1 1 -1 -1 1 1 1 1 1 -1 1 1 1 -1 1
63,1,0,1 1 1 1 1 1 1 -1 1 1 1 1 1 1 -1 1 1 1 1 -1 1 1 1 1 1 1 1 1 1 -1 1 -1 -1 1 -1 1 1 -1 1 1 1 1 1 1 -1 1 1 1 1 1 1 1 -1 1 1 1 1 1 -1 -1 1 -1 1 1 1 -1 1 -1 1 1 1 -1 -1 -1 1 1 1 1 -1 1 1 1 -1 1
